sexo,maior_valor_gasto,media_valor_transacoes
M,4686.93,1807.9680033248735
F,4776.58,1839.622508686382
